[{"VB": {"correr": ["1Desplazarse r\u00e1pidamente sobre el suelo mediante el movimiento alternado de las piernas o de las patas.2Desplazarse r\u00e1pidamente de cualquier otra forma, un veh\u00edculo, cosa o ser."], "saltar": ["1Impulsarse o lanzarse al aire.2Lanzarse al vacio.3Acci\u00f3n de un objeto que se separa r\u00e1pidamente de un lugar y se detiene en otro.4Surgir de repente."]}, "JJ": {"feo": ["1Que carece de belleza o hermosura. [1]"], "parcial": "Que no est\u00e1 completo o acabado."}, "NN": {"mesa": ["1 Mobiliario.Mueble que consta de una superficie plana y horizontal sostenida por patas."], "manzana": ["1 Bot\u00e1nica, Gastronom\u00eda.Fruta comestible del manzano (Malus domestica), un pomo crujiente, de intenso y agradable aroma y sabor de dulce a sub\u00e1cido, recubierto de una piel delgada de color verde, rojo o amarillo."], "auto": ["1 Transporte.Veh\u00edculo de cuatro ruedas, cerrado, con asientos, propulsado por un motor de combusti\u00f3n o el\u00e9ctrico, destinado al transporte de una a cinco personas."], "batata": ["1 Bot\u00e1nica.(Ipomoea batatas) Planta herb\u00e1cea de la familia de las convolvul\u00e1ceas, de origen latinoamericano y extensamente cultivada por su ra\u00edz tuberosa, empleada en gastronom\u00eda. Es una enredadera perenne, de hojas cordiformes o palmatilobuladas, alternas, pecioladas, y flores simp\u00e9talas, pent\u00e1meras, de buen tama\u00f1o y muy atractivas. La ra\u00edz es larga y fusiforme, con la piel pardorrojiza a p\u00farpura, y pulpa similarmente variable. Cultivada en Am\u00e9rica desde la \u00e9poca precolombina, lleg\u00f3 a Europa en el siglo XVI y se ha difundido ampliamente en todo el mundo."], "termo": ["1Recipiente con doble pared entre las cuales hay vac\u00edo con el objetivo de ser lo mas adiab\u00e1tico posible."]}}]